company_id,peer_rank,peer_id
ABB,1,TORNTPHARM
ABB,2,LTIM
ABB,3,DABUR
ABB,4,AMBUJACEM
ABB,5,IRCTC
ADANIENSOL,1,ADANIGREEN
ADANIENSOL,2,LODHA
ADANIENSOL,3,JIOFIN
ADANIENSOL,4,DMART
ADANIENSOL,5,NAUKRI
ADANIENT,1,PNB
ADANIENT,2,JINDALSTEL
ADANIENT,3,TATAPOWER
ADANIENT,4,ADANIPOWER
ADANIENT,5,DMART
ADANIGREEN,1,ADANIENSOL
ADANIGREEN,2,LODHA
ADANIGREEN,3,JIOFIN
ADANIGREEN,4,DMART
ADANIGREEN,5,NAUKRI
ADANIPORTS,1,JIOFIN
ADANIPORTS,2,ADANIENSOL
ADANIPORTS,3,LODHA
ADANIPORTS,4,ADANIGREEN
ADANIPORTS,5,ADANIPOWER
ADANIPOWER,1,TATAPOWER
ADANIPOWER,2,JINDALSTEL
ADANIPOWER,3,NAUKRI
ADANIPOWER,4,TATACONSUM
ADANIPOWER,5,ADANIENSOL
AMBUJACEM,1,ASIANPAINT
AMBUJACEM,2,LTIM
AMBUJACEM,3,TORNTPHARM
AMBUJACEM,4,ABB
AMBUJACEM,5,DABUR
APOLLOHOSP,1,TITAN
APOLLOHOSP,2,SIEMENS
APOLLOHOSP,3,DIVISLAB
APOLLOHOSP,4,TVSMOTOR
APOLLOHOSP,5,PIDILITIND
ASIANPAINT,1,AMBUJACEM
ASIANPAINT,2,TECHM
ASIANPAINT,3,BRITANNIA
ASIANPAINT,4,LTIM
ASIANPAINT,5,TORNTPHARM
AXISBANK,1,BANKBARODA
AXISBANK,2,HDFCBANK
AXISBANK,3,CANBK
AXISBANK,4,INDUSINDBK
AXISBANK,5,KOTAKBANK
BAJAJ-AUTO,1,TECHM
BAJAJ-AUTO,2,NESTLEIND
BAJAJ-AUTO,3,ASIANPAINT
BAJAJ-AUTO,4,NHPC
BAJAJ-AUTO,5,BRITANNIA
BAJAJFINSV,1,SHRIRAMFIN
BAJAJFINSV,2,IRFC
BAJAJFINSV,3,CHOLAFIN
BAJAJFINSV,4,RECLTD
BAJAJFINSV,5,PFC
BAJAJHLDNG,1,DRREDDY
BAJAJHLDNG,2,SHREECEM
BAJAJHLDNG,3,EICHERMOT
BAJAJHLDNG,4,TRENT
BAJAJHLDNG,5,ICICIGI
BAJFINANCE,1,CHOLAFIN
BAJFINANCE,2,IRFC
BAJFINANCE,3,BAJAJFINSV
BAJFINANCE,4,SHRIRAMFIN
BAJFINANCE,5,RECLTD
BANKBARODA,1,AXISBANK
BANKBARODA,2,CANBK
BANKBARODA,3,HDFCBANK
BANKBARODA,4,INDUSINDBK
BANKBARODA,5,KOTAKBANK
BEL,1,PIDILITIND
BEL,2,HAVELLS
BEL,3,BOSCHLTD
BEL,4,DIVISLAB
BEL,5,DLF
BHARTIARTL,1,POWERGRID
BHARTIARTL,2,NTPC
BHARTIARTL,3,ONGC
BHARTIARTL,4,ITC
BHARTIARTL,5,BPCL
BHEL,1,HAVELLS
BHEL,2,BOSCHLTD
BHEL,3,PIDILITIND
BHEL,4,BEL
BHEL,5,ICICIPRULI
BOSCHLTD,1,DLF
BOSCHLTD,2,BEL
BOSCHLTD,3,IRCTC
BOSCHLTD,4,HAVELLS
BOSCHLTD,5,PIDILITIND
BPCL,1,LICI
BPCL,2,LT
BPCL,3,IOC
BPCL,4,ONGC
BPCL,5,RELIANCE
BRITANNIA,1,ASIANPAINT
BRITANNIA,2,TECHM
BRITANNIA,3,NHPC
BRITANNIA,4,NESTLEIND
BRITANNIA,5,AMBUJACEM
CANBK,1,BANKBARODA
CANBK,2,AXISBANK
CANBK,3,ICICIBANK
CANBK,4,KOTAKBANK
CANBK,5,HDFCBANK
CHOLAFIN,1,SHRIRAMFIN
CHOLAFIN,2,TRENT
CHOLAFIN,3,ICICIGI
CHOLAFIN,4,JIOFIN
CHOLAFIN,5,LODHA
CIPLA,1,ICICIGI
CIPLA,2,CHOLAFIN
CIPLA,3,HDFCLIFE
CIPLA,4,SHREECEM
CIPLA,5,TRENT
COALINDIA,1,HINDUNILVR
COALINDIA,2,HEROMOTOCO
COALINDIA,3,HINDALCO
COALINDIA,4,INDIGO
COALINDIA,5,ITC
DABUR,1,IRCTC
DABUR,2,LTIM
DABUR,3,TORNTPHARM
DABUR,4,ABB
DABUR,5,DLF
DIVISLAB,1,PIDILITIND
DIVISLAB,2,HAVELLS
DIVISLAB,3,BEL
DIVISLAB,4,APOLLOHOSP
DIVISLAB,5,TITAN
DLF,1,IRCTC
DLF,2,BOSCHLTD
DLF,3,DABUR
DLF,4,LTIM
DLF,5,TORNTPHARM
DMART,1,JIOFIN
DMART,2,LODHA
DMART,3,ADANIENSOL
DMART,4,ADANIGREEN
DMART,5,NAUKRI
DRREDDY,1,SHREECEM
DRREDDY,2,BAJAJHLDNG
DRREDDY,3,EICHERMOT
DRREDDY,4,ICICIGI
DRREDDY,5,JSWENERGY
EICHERMOT,1,GODREJCP
EICHERMOT,2,JSWENERGY
EICHERMOT,3,SIEMENS
EICHERMOT,4,TVSMOTOR
EICHERMOT,5,DRREDDY
GAIL,1,HCLTECH
GAIL,2,ITC
GAIL,3,BAJAJ-AUTO
GAIL,4,TECHM
GAIL,5,NESTLEIND
GODREJCP,1,EICHERMOT
GODREJCP,2,SIEMENS
GODREJCP,3,JSWENERGY
GODREJCP,4,TVSMOTOR
GODREJCP,5,APOLLOHOSP
GRASIM,1,TATACONSUM
GRASIM,2,NAUKRI
GRASIM,3,ADANIPOWER
GRASIM,4,DMART
GRASIM,5,PNB
HAL,1,BEL
HAL,2,DIVISLAB
HAL,3,PIDILITIND
HAL,4,BOSCHLTD
HAL,5,HAVELLS
HAVELLS,1,PIDILITIND
HAVELLS,2,BEL
HAVELLS,3,DIVISLAB
HAVELLS,4,BOSCHLTD
HAVELLS,5,BHEL
HCLTECH,1,INFY
HCLTECH,2,ITC
HCLTECH,3,GAIL
HCLTECH,4,TCS
HCLTECH,5,POWERGRID
HDFCBANK,1,AXISBANK
HDFCBANK,2,BANKBARODA
HDFCBANK,3,CANBK
HDFCBANK,4,PFC
HDFCBANK,5,INDUSINDBK
HDFCLIFE,1,ICICIGI
HDFCLIFE,2,SHREECEM
HDFCLIFE,3,SBILIFE
HDFCLIFE,4,JSWENERGY
HDFCLIFE,5,DRREDDY
HEROMOTOCO,1,HINDUNILVR
HEROMOTOCO,2,NESTLEIND
HEROMOTOCO,3,INDIGO
HEROMOTOCO,4,BRITANNIA
HEROMOTOCO,5,TECHM
HINDALCO,1,COALINDIA
HINDALCO,2,CIPLA
HINDALCO,3,BAJFINANCE
HINDALCO,4,INDIGO
HINDALCO,5,TATASTEEL
HINDUNILVR,1,HEROMOTOCO
HINDUNILVR,2,COALINDIA
HINDUNILVR,3,NESTLEIND
HINDUNILVR,4,INDIGO
HINDUNILVR,5,BAJAJ-AUTO
ICICIBANK,1,KOTAKBANK
ICICIBANK,2,CANBK
ICICIBANK,3,BANKBARODA
ICICIBANK,4,NTPC
ICICIBANK,5,AXISBANK
ICICIGI,1,SHREECEM
ICICIGI,2,DRREDDY
ICICIGI,3,JSWENERGY
ICICIGI,4,EICHERMOT
ICICIGI,5,GODREJCP
ICICIPRULI,1,BHEL
ICICIPRULI,2,IRCTC
ICICIPRULI,3,BOSCHLTD
ICICIPRULI,4,DABUR
ICICIPRULI,5,ABB
INDIGO,1,HEROMOTOCO
INDIGO,2,HINDUNILVR
INDIGO,3,ICICIPRULI
INDIGO,4,ABB
INDIGO,5,IRCTC
INDUSINDBK,1,SHRIRAMFIN
INDUSINDBK,2,BAJAJFINSV
INDUSINDBK,3,BANKBARODA
INDUSINDBK,4,CHOLAFIN
INDUSINDBK,5,AXISBANK
INFY,1,TCS
INFY,2,HCLTECH
INFY,3,ITC
INFY,4,NTPC
INFY,5,ONGC
IOC,1,LICI
IOC,2,TATAMOTORS
IOC,3,RELIANCE
IOC,4,ONGC
IOC,5,BPCL
IRCTC,1,DLF
IRCTC,2,DABUR
IRCTC,3,BOSCHLTD
IRCTC,4,TORNTPHARM
IRCTC,5,ABB
IRFC,1,RECLTD
IRFC,2,PFC
IRFC,3,SHRIRAMFIN
IRFC,4,BAJAJFINSV
IRFC,5,BAJFINANCE
ITC,1,HCLTECH
ITC,2,INFY
ITC,3,GAIL
ITC,4,BAJAJ-AUTO
ITC,5,NESTLEIND
JINDALSTEL,1,TATAPOWER
JINDALSTEL,2,ADANIPOWER
JINDALSTEL,3,ADANIENT
JINDALSTEL,4,ADANIENSOL
JINDALSTEL,5,ADANIGREEN
JIOFIN,1,LODHA
JIOFIN,2,DMART
JIOFIN,3,ADANIENSOL
JIOFIN,4,ADANIGREEN
JIOFIN,5,TRENT
JSWENERGY,1,GODREJCP
JSWENERGY,2,EICHERMOT
JSWENERGY,3,SIEMENS
JSWENERGY,4,SHREECEM
JSWENERGY,5,TVSMOTOR
JSWSTEEL,1,TATASTEEL
JSWSTEEL,2,TATAMOTORS
JSWSTEEL,3,SBILIFE
JSWSTEEL,4,IOC
JSWSTEEL,5,LICI
KOTAKBANK,1,ICICIBANK
KOTAKBANK,2,CANBK
KOTAKBANK,3,BANKBARODA
KOTAKBANK,4,INDUSINDBK
KOTAKBANK,5,AXISBANK
LICI,1,IOC
LICI,2,TATAMOTORS
LICI,3,RELIANCE
LICI,4,BPCL
LICI,5,ONGC
LODHA,1,JIOFIN
LODHA,2,ADANIENSOL
LODHA,3,ADANIGREEN
LODHA,4,DMART
LODHA,5,TRENT
LT,1,BPCL
LT,2,MARUTI
LT,3,LICI
LT,4,INFY
LT,5,TCS
LTIM,1,DABUR
LTIM,2,TORNTPHARM
LTIM,3,AMBUJACEM
LTIM,4,ABB
LTIM,5,IRCTC
M&M,1,NESTLEIND
M&M,2,BAJAJ-AUTO
M&M,3,GAIL
M&M,4,BRITANNIA
M&M,5,TECHM
MARUTI,1,LT
MARUTI,2,GAIL
MARUTI,3,HCLTECH
MARUTI,4,SUNPHARMA
MARUTI,5,INFY
MOTHERSON,1,BHEL
MOTHERSON,2,ICICIPRULI
MOTHERSON,3,TITAN
MOTHERSON,4,APOLLOHOSP
MOTHERSON,5,HAVELLS
NAUKRI,1,TATACONSUM
NAUKRI,2,DMART
NAUKRI,3,ADANIPOWER
NAUKRI,4,ADANIENSOL
NAUKRI,5,JIOFIN
NESTLEIND,1,BRITANNIA
NESTLEIND,2,TECHM
NESTLEIND,3,BAJAJ-AUTO
NESTLEIND,4,NHPC
NESTLEIND,5,ASIANPAINT
NHPC,1,ASIANPAINT
NHPC,2,BRITANNIA
NHPC,3,TECHM
NHPC,4,AMBUJACEM
NHPC,5,BAJAJ-AUTO
NTPC,1,ONGC
NTPC,2,TCS
NTPC,3,RELIANCE
NTPC,4,POWERGRID
NTPC,5,INFY
ONGC,1,RELIANCE
ONGC,2,NTPC
ONGC,3,TCS
ONGC,4,LICI
ONGC,5,IOC
PFC,1,RECLTD
PFC,2,IRFC
PFC,3,BAJAJFINSV
PFC,4,BAJFINANCE
PFC,5,HDFCBANK
PIDILITIND,1,HAVELLS
PIDILITIND,2,BEL
PIDILITIND,3,DIVISLAB
PIDILITIND,4,BOSCHLTD
PIDILITIND,5,BHEL
PNB,1,ADANIENT
PNB,2,TATAPOWER
PNB,3,JINDALSTEL
PNB,4,DMART
PNB,5,ADANIENSOL
POWERGRID,1,NTPC
POWERGRID,2,BHARTIARTL
POWERGRID,3,HCLTECH
POWERGRID,4,INFY
POWERGRID,5,TCS
RECLTD,1,PFC
RECLTD,2,IRFC
RECLTD,3,BAJAJFINSV
RECLTD,4,SHRIRAMFIN
RECLTD,5,BAJFINANCE
RELIANCE,1,ONGC
RELIANCE,2,NTPC
RELIANCE,3,IOC
RELIANCE,4,LICI
RELIANCE,5,TCS
SBILIFE,1,HDFCLIFE
SBILIFE,2,JINDALSTEL
SBILIFE,3,ADANIENT
SBILIFE,4,TATAPOWER
SBILIFE,5,PNB
SHREECEM,1,DRREDDY
SHREECEM,2,TRENT
SHREECEM,3,ICICIGI
SHREECEM,4,JSWENERGY
SHREECEM,5,EICHERMOT
SHRIRAMFIN,1,CHOLAFIN
SHRIRAMFIN,2,BAJAJFINSV
SHRIRAMFIN,3,IRFC
SHRIRAMFIN,4,TRENT
SHRIRAMFIN,5,INDUSINDBK
SIEMENS,1,GODREJCP
SIEMENS,2,TVSMOTOR
SIEMENS,3,TITAN
SIEMENS,4,APOLLOHOSP
SIEMENS,5,EICHERMOT
SUNPHARMA,1,HAL
SUNPHARMA,2,EICHERMOT
SUNPHARMA,3,BAJAJHLDNG
SUNPHARMA,4,BEL
SUNPHARMA,5,DIVISLAB
TATACONSUM,1,NAUKRI
TATACONSUM,2,ADANIPOWER
TATACONSUM,3,TATAPOWER
TATACONSUM,4,JINDALSTEL
TATACONSUM,5,DMART
TATAMOTORS,1,IOC
TATAMOTORS,2,LICI
TATAMOTORS,3,JSWSTEEL
TATAMOTORS,4,TATASTEEL
TATAMOTORS,5,RELIANCE
TATAPOWER,1,JINDALSTEL
TATAPOWER,2,ADANIPOWER
TATAPOWER,3,ADANIENT
TATAPOWER,4,ADANIENSOL
TATAPOWER,5,ADANIGREEN
TATASTEEL,1,JSWSTEEL
TATASTEEL,2,TATAMOTORS
TATASTEEL,3,TATACONSUM
TATASTEEL,4,IOC
TATASTEEL,5,ADANIENT
TCS,1,INFY
TCS,2,NTPC
TCS,3,ONGC
TCS,4,HCLTECH
TCS,5,RELIANCE
TECHM,1,ASIANPAINT
TECHM,2,BRITANNIA
TECHM,3,BAJAJ-AUTO
TECHM,4,NHPC
TECHM,5,AMBUJACEM
TITAN,1,APOLLOHOSP
TITAN,2,SIEMENS
TITAN,3,TVSMOTOR
TITAN,4,DIVISLAB
TITAN,5,GODREJCP
TORNTPHARM,1,ABB
TORNTPHARM,2,LTIM
TORNTPHARM,3,DABUR
TORNTPHARM,4,AMBUJACEM
TORNTPHARM,5,IRCTC
TRENT,1,LODHA
TRENT,2,JIOFIN
TRENT,3,SHREECEM
TRENT,4,ADANIENSOL
TRENT,5,DMART
TVSMOTOR,1,SIEMENS
TVSMOTOR,2,TITAN
TVSMOTOR,3,GODREJCP
TVSMOTOR,4,APOLLOHOSP
TVSMOTOR,5,EICHERMOT
